Orden ID;Salidas;Product ID;Fecha
O0001;14;P091;1/7/2025
O0002;3;P070;1/7/2025
O0003;2;P116;1/7/2025
O0004;6;P067;1/7/2025
O0005;10;P023;1/7/2025
O0006;13;P004;1/7/2025
O0007;19;P111;1/7/2025
O0008;19;P105;1/7/2025
O0009;11;P123;1/7/2025
O0010;13;P042;1/7/2025
O0011;4;P110;1/7/2025
O0012;19;P037;1/7/2025
O0013;10;P070;1/7/2025
O0014;18;P040;1/7/2025
O0015;17;P076;1/7/2025
O0016;4;P117;1/7/2025
O0017;2;P004;1/7/2025
O0018;12;P077;1/7/2025
O0019;12;P095;1/7/2025
O0020;4;P144;1/7/2025
O0021;10;P084;1/7/2025
O0022;13;P071;1/7/2025
O0023;19;P079;1/7/2025
O0024;2;P064;1/7/2025
O0025;11;P080;1/7/2025
O0026;14;P098;1/7/2025
O0027;18;P130;1/7/2025
O0028;15;P034;1/7/2025
O0029;17;P141;1/7/2025
O0030;16;P095;1/7/2025
O0031;7;P075;1/7/2025
O0032;3;P097;1/7/2025
O0033;6;P120;1/7/2025
O0034;7;P053;1/7/2025
O0035;2;P026;1/7/2025
O0036;7;P027;1/7/2025
O0037;16;P138;1/7/2025
O0038;17;P130;1/7/2025
O0039;10;P016;1/7/2025
O0040;15;P103;1/7/2025
O0041;17;P079;1/7/2025
O0042;7;P033;1/7/2025
O0043;20;P027;1/7/2025
O0044;19;P134;1/7/2025
O0045;4;P030;1/7/2025
O0046;13;P129;1/7/2025
O0047;16;P127;1/7/2025
O0048;17;P108;1/7/2025
O0049;17;P066;1/7/2025
O0050;4;P049;1/7/2025
O0051;4;P034;1/7/2025
O0052;2;P036;1/7/2025
O0053;13;P031;1/7/2025
O0054;8;P055;1/7/2025
O0055;7;P065;1/7/2025
O0056;18;P010;1/7/2025
O0057;6;P100;1/7/2025
O0058;1;P067;1/7/2025
O0059;7;P060;1/7/2025
O0060;15;P030;1/7/2025
O0061;20;P090;1/7/2025
O0062;4;P111;1/7/2025
O0063;16;P080;1/7/2025
O0064;19;P060;1/7/2025
O0065;7;P129;1/7/2025
O0066;9;P071;1/7/2025
O0067;12;P046;1/7/2025
O0068;5;P021;1/7/2025
O0069;11;P059;1/7/2025
O0070;20;P012;1/7/2025
O0071;17;P126;1/7/2025
O0072;12;P058;1/7/2025
O0073;11;P014;2/7/2025
O0074;12;P012;2/7/2025
O0075;7;P118;2/7/2025
O0076;17;P022;2/7/2025
O0077;8;P072;2/7/2025
O0078;20;P057;2/7/2025
O0079;4;P093;2/7/2025
O0080;3;P036;2/7/2025
O0081;3;P148;2/7/2025
O0082;15;P006;2/7/2025
O0083;14;P072;2/7/2025
O0084;9;P075;2/7/2025
O0085;20;P023;2/7/2025
O0086;9;P147;2/7/2025
O0087;13;P123;2/7/2025
O0088;18;P052;2/7/2025
O0089;16;P003;2/7/2025
O0090;4;P001;2/7/2025
O0091;15;P033;2/7/2025
O0092;19;P004;2/7/2025
O0093;16;P148;2/7/2025
O0094;15;P028;2/7/2025
O0095;12;P110;2/7/2025
O0096;11;P057;2/7/2025
O0097;15;P108;2/7/2025
O0098;14;P115;2/7/2025
O0099;10;P102;2/7/2025
O0100;5;P049;2/7/2025
O0101;3;P111;2/7/2025
O0102;1;P145;2/7/2025
O0103;7;P146;2/7/2025
O0104;15;P010;2/7/2025
O0105;10;P036;2/7/2025
O0106;7;P116;2/7/2025
O0107;13;P065;2/7/2025
O0108;16;P128;2/7/2025
O0109;3;P138;2/7/2025
O0110;8;P083;2/7/2025
O0111;14;P020;2/7/2025
O0112;12;P096;2/7/2025
O0113;18;P077;2/7/2025
O0114;1;P040;2/7/2025
O0115;13;P124;2/7/2025
O0116;16;P022;2/7/2025
O0117;9;P016;2/7/2025
O0118;2;P046;2/7/2025
O0119;19;P073;2/7/2025
O0120;13;P127;2/7/2025
O0121;15;P122;2/7/2025
O0122;14;P142;2/7/2025
O0123;8;P099;2/7/2025
O0124;15;P148;2/7/2025
O0125;3;P058;2/7/2025
O0126;18;P026;2/7/2025
O0127;13;P133;2/7/2025
O0128;9;P136;2/7/2025
O0129;19;P021;2/7/2025
O0130;18;P094;2/7/2025
O0131;20;P139;2/7/2025
O0132;4;P031;2/7/2025
O0133;12;P136;2/7/2025
O0134;4;P081;2/7/2025
O0135;14;P073;2/7/2025
O0136;6;P034;2/7/2025
O0137;1;P117;2/7/2025
O0138;2;P070;2/7/2025
O0139;5;P078;2/7/2025
O0140;17;P139;2/7/2025
O0141;14;P009;2/7/2025
O0142;15;P088;2/7/2025
O0143;17;P026;2/7/2025
O0144;14;P039;2/7/2025
O0145;10;P067;2/7/2025
O0146;8;P078;2/7/2025
O0147;1;P013;2/7/2025
O0148;16;P043;2/7/2025
O0149;3;P108;2/7/2025
O0150;17;P046;2/7/2025
O0151;2;P033;2/7/2025
O0152;9;P010;2/7/2025
O0153;3;P129;2/7/2025
O0154;18;P105;3/7/2025
O0155;4;P088;3/7/2025
O0156;2;P067;3/7/2025
O0157;2;P017;3/7/2025
O0158;3;P025;3/7/2025
O0159;12;P050;3/7/2025
O0160;4;P007;3/7/2025
O0161;19;P084;3/7/2025
O0162;15;P129;3/7/2025
O0163;11;P129;3/7/2025
O0164;4;P044;3/7/2025
O0165;8;P030;3/7/2025
O0166;15;P093;3/7/2025
O0167;12;P096;3/7/2025
O0168;13;P146;3/7/2025
O0169;19;P004;3/7/2025
O0170;10;P084;3/7/2025
O0171;9;P039;3/7/2025
O0172;18;P051;3/7/2025
O0173;18;P020;3/7/2025
O0174;7;P064;3/7/2025
O0175;17;P014;3/7/2025
O0176;19;P101;3/7/2025
O0177;3;P059;3/7/2025
O0178;5;P069;3/7/2025
O0179;5;P139;3/7/2025
O0180;18;P048;3/7/2025
O0181;14;P123;3/7/2025
O0182;10;P060;3/7/2025
O0183;3;P081;3/7/2025
O0184;12;P017;3/7/2025
O0185;3;P118;3/7/2025
O0186;2;P006;3/7/2025
O0187;20;P137;3/7/2025
O0188;6;P100;3/7/2025
O0189;16;P068;3/7/2025
O0190;9;P010;3/7/2025
O0191;9;P099;3/7/2025
O0192;20;P108;3/7/2025
O0193;12;P095;3/7/2025
O0194;5;P105;3/7/2025
O0195;13;P044;3/7/2025
O0196;20;P065;3/7/2025
O0197;11;P074;3/7/2025
O0198;17;P115;3/7/2025
O0199;7;P126;3/7/2025
O0200;2;P119;3/7/2025
O0201;13;P022;3/7/2025
O0202;12;P093;3/7/2025
O0203;6;P093;3/7/2025
O0204;4;P088;3/7/2025
O0205;1;P109;3/7/2025
O0206;6;P122;3/7/2025
O0207;19;P111;3/7/2025
O0208;3;P117;3/7/2025
O0209;19;P008;3/7/2025
O0210;19;P149;3/7/2025
O0211;2;P118;3/7/2025
O0212;18;P144;3/7/2025
O0213;17;P041;3/7/2025
O0214;5;P015;4/7/2025
O0215;10;P113;4/7/2025
O0216;15;P121;4/7/2025
O0217;16;P013;4/7/2025
O0218;18;P144;4/7/2025
O0219;11;P086;4/7/2025
O0220;7;P132;4/7/2025
O0221;18;P053;4/7/2025
O0222;1;P059;4/7/2025
O0223;1;P148;4/7/2025
O0224;10;P090;4/7/2025
O0225;12;P117;4/7/2025
O0226;16;P078;4/7/2025
O0227;11;P074;4/7/2025
O0228;2;P101;4/7/2025
O0229;4;P137;4/7/2025
O0230;9;P072;4/7/2025
O0231;9;P055;4/7/2025
O0232;1;P051;4/7/2025
O0233;19;P029;4/7/2025
O0234;14;P111;4/7/2025
O0235;2;P132;4/7/2025
O0236;9;P074;4/7/2025
O0237;11;P078;4/7/2025
O0238;15;P096;4/7/2025
O0239;9;P082;4/7/2025
O0240;20;P094;4/7/2025
O0241;10;P130;4/7/2025
O0242;13;P057;4/7/2025
O0243;16;P132;4/7/2025
O0244;3;P109;4/7/2025
O0245;6;P092;4/7/2025
O0246;5;P001;4/7/2025
O0247;20;P099;4/7/2025
O0248;1;P005;4/7/2025
O0249;11;P077;4/7/2025
O0250;2;P099;4/7/2025
O0251;3;P054;4/7/2025
O0252;9;P083;4/7/2025
O0253;12;P103;4/7/2025
O0254;19;P058;4/7/2025
O0255;20;P032;4/7/2025
O0256;7;P119;4/7/2025
O0257;6;P030;4/7/2025
O0258;3;P094;4/7/2025
O0259;7;P106;4/7/2025
O0260;13;P039;4/7/2025
O0261;5;P127;4/7/2025
O0262;15;P079;4/7/2025
O0263;20;P084;4/7/2025
O0264;6;P121;4/7/2025
O0265;11;P041;4/7/2025
O0266;4;P029;4/7/2025
O0267;10;P112;4/7/2025
O0268;15;P113;4/7/2025
O0269;7;P004;4/7/2025
O0270;2;P046;4/7/2025
O0271;5;P085;4/7/2025
O0272;9;P049;4/7/2025
O0273;16;P069;4/7/2025
O0274;5;P116;4/7/2025
O0275;7;P135;4/7/2025
O0276;14;P135;4/7/2025
O0277;12;P119;4/7/2025
O0278;19;P035;4/7/2025
O0279;20;P082;4/7/2025
O0280;5;P064;4/7/2025
O0281;20;P141;4/7/2025
O0282;3;P090;4/7/2025
O0283;14;P026;4/7/2025
O0284;4;P140;5/7/2025
O0285;1;P091;5/7/2025
O0286;10;P072;5/7/2025
O0287;15;P094;5/7/2025
O0288;10;P126;5/7/2025
O0289;1;P021;5/7/2025
O0290;12;P015;5/7/2025
O0291;14;P036;5/7/2025
O0292;20;P035;5/7/2025
O0293;3;P052;5/7/2025
O0294;3;P121;5/7/2025
O0295;17;P070;5/7/2025
O0296;13;P034;5/7/2025
O0297;14;P145;5/7/2025
O0298;15;P061;5/7/2025
O0299;2;P131;5/7/2025
O0300;14;P140;5/7/2025
O0301;5;P021;5/7/2025
O0302;8;P020;5/7/2025
O0303;2;P060;5/7/2025
O0304;12;P007;5/7/2025
O0305;19;P114;5/7/2025
O0306;16;P099;5/7/2025
O0307;7;P053;5/7/2025
O0308;15;P145;5/7/2025
O0309;2;P148;5/7/2025
O0310;17;P016;5/7/2025
O0311;9;P036;5/7/2025
O0312;15;P143;5/7/2025
O0313;10;P109;5/7/2025
O0314;17;P038;5/7/2025
O0315;9;P036;5/7/2025
O0316;12;P079;5/7/2025
O0317;16;P125;5/7/2025
O0318;15;P093;5/7/2025
O0319;15;P010;5/7/2025
O0320;15;P001;5/7/2025
O0321;16;P051;5/7/2025
O0322;17;P074;5/7/2025
O0323;8;P126;5/7/2025
O0324;6;P011;5/7/2025
O0325;14;P105;5/7/2025
O0326;2;P019;5/7/2025
O0327;13;P018;5/7/2025
O0328;10;P068;5/7/2025
O0329;13;P110;5/7/2025
O0330;6;P081;5/7/2025
O0331;17;P114;5/7/2025
O0332;10;P064;5/7/2025
O0333;9;P095;5/7/2025
O0334;17;P136;5/7/2025
O0335;10;P001;5/7/2025
O0336;10;P114;5/7/2025
O0337;11;P110;5/7/2025
O0338;3;P029;5/7/2025
O0339;7;P068;5/7/2025
O0340;2;P146;5/7/2025
O0341;6;P113;5/7/2025
O0342;4;P063;5/7/2025
O0343;3;P048;5/7/2025
O0344;10;P106;5/7/2025
O0345;19;P149;5/7/2025
O0346;6;P111;5/7/2025
O0347;16;P070;5/7/2025
O0348;13;P045;5/7/2025
O0349;20;P051;5/7/2025
O0350;13;P025;5/7/2025
O0351;19;P084;5/7/2025
O0352;9;P074;5/7/2025
O0353;13;P031;5/7/2025
O0354;18;P078;6/7/2025
O0355;5;P092;6/7/2025
O0356;12;P055;6/7/2025
O0357;7;P085;6/7/2025
O0358;18;P050;6/7/2025
O0359;19;P138;6/7/2025
O0360;12;P011;6/7/2025
O0361;4;P133;6/7/2025
O0362;17;P072;6/7/2025
O0363;18;P057;6/7/2025
O0364;10;P123;6/7/2025
O0365;9;P087;6/7/2025
O0366;20;P119;6/7/2025
O0367;3;P148;6/7/2025
O0368;7;P010;6/7/2025
O0369;6;P036;6/7/2025
O0370;18;P050;6/7/2025
O0371;13;P134;6/7/2025
O0372;17;P082;6/7/2025
O0373;15;P093;6/7/2025
O0374;13;P021;6/7/2025
O0375;17;P047;6/7/2025
O0376;7;P052;6/7/2025
O0377;10;P049;6/7/2025
O0378;15;P030;6/7/2025
O0379;16;P051;6/7/2025
O0380;12;P073;6/7/2025
O0381;12;P127;6/7/2025
O0382;20;P091;6/7/2025
O0383;2;P039;6/7/2025
O0384;11;P108;6/7/2025
O0385;20;P069;6/7/2025
O0386;1;P075;6/7/2025
O0387;1;P038;6/7/2025
O0388;1;P042;6/7/2025
O0389;8;P094;6/7/2025
O0390;6;P025;6/7/2025
O0391;10;P124;6/7/2025
O0392;12;P130;6/7/2025
O0393;15;P104;6/7/2025
O0394;14;P129;6/7/2025
O0395;8;P006;6/7/2025
O0396;16;P122;6/7/2025
O0397;14;P126;6/7/2025
O0398;14;P024;6/7/2025
O0399;18;P032;6/7/2025
O0400;17;P149;6/7/2025
O0401;15;P121;6/7/2025
O0402;16;P014;6/7/2025
O0403;13;P082;6/7/2025
O0404;17;P010;6/7/2025
O0405;7;P029;6/7/2025
O0406;9;P088;6/7/2025
O0407;6;P041;6/7/2025
O0408;16;P084;6/7/2025
O0409;4;P137;6/7/2025
O0410;3;P114;6/7/2025
O0411;4;P141;6/7/2025
O0412;14;P123;6/7/2025
O0413;17;P079;6/7/2025
O0414;17;P034;6/7/2025
O0415;3;P075;6/7/2025
O0416;14;P109;6/7/2025
O0417;16;P042;6/7/2025
O0418;13;P008;6/7/2025
O0419;3;P053;6/7/2025
O0420;14;P125;6/7/2025
O0421;8;P107;6/7/2025
O0422;7;P074;7/7/2025
O0423;6;P135;7/7/2025
O0424;10;P089;7/7/2025
O0425;18;P035;7/7/2025
O0426;6;P035;7/7/2025
O0427;15;P017;7/7/2025
O0428;17;P128;7/7/2025
O0429;17;P057;7/7/2025
O0430;2;P144;7/7/2025
O0431;13;P134;7/7/2025
O0432;18;P070;7/7/2025
O0433;13;P047;7/7/2025
O0434;11;P117;7/7/2025
O0435;8;P030;7/7/2025
O0436;20;P058;7/7/2025
O0437;11;P132;7/7/2025
O0438;6;P119;7/7/2025
O0439;15;P001;7/7/2025
O0440;11;P054;7/7/2025
O0441;6;P145;7/7/2025
O0442;12;P109;7/7/2025
O0443;8;P119;7/7/2025
O0444;17;P100;7/7/2025
O0445;15;P062;7/7/2025
O0446;7;P125;7/7/2025
O0447;3;P019;7/7/2025
O0448;10;P003;7/7/2025
O0449;17;P144;7/7/2025
O0450;2;P081;7/7/2025
O0451;10;P112;7/7/2025
O0452;5;P128;7/7/2025
O0453;8;P031;7/7/2025
O0454;12;P110;7/7/2025
O0455;14;P042;7/7/2025
O0456;15;P029;7/7/2025
O0457;15;P007;7/7/2025
O0458;17;P123;7/7/2025
O0459;2;P098;7/7/2025
O0460;16;P140;7/7/2025
O0461;15;P070;7/7/2025
O0462;14;P003;7/7/2025
O0463;14;P049;7/7/2025
O0464;20;P053;7/7/2025
O0465;6;P091;7/7/2025
O0466;8;P139;7/7/2025
O0467;16;P025;7/7/2025
O0468;12;P107;7/7/2025
O0469;5;P032;7/7/2025
O0470;19;P021;7/7/2025
O0471;17;P138;7/7/2025
O0472;12;P147;7/7/2025
O0473;3;P115;7/7/2025
O0474;12;P119;7/7/2025
O0475;18;P003;7/7/2025
O0476;7;P135;7/7/2025
O0477;14;P026;7/7/2025
O0478;13;P041;7/7/2025
O0479;18;P101;7/7/2025
O0480;20;P078;7/7/2025
O0481;10;P108;8/7/2025
O0482;2;P054;8/7/2025
O0483;5;P032;8/7/2025
O0484;15;P060;8/7/2025
O0485;3;P068;8/7/2025
O0486;4;P073;8/7/2025
O0487;8;P133;8/7/2025
O0488;20;P056;8/7/2025
O0489;10;P099;8/7/2025
O0490;3;P044;8/7/2025
O0491;14;P011;8/7/2025
O0492;18;P001;8/7/2025
O0493;19;P003;8/7/2025
O0494;1;P124;8/7/2025
O0495;15;P045;8/7/2025
O0496;12;P046;8/7/2025
O0497;16;P124;8/7/2025
O0498;18;P130;8/7/2025
O0499;9;P105;8/7/2025
O0500;7;P143;8/7/2025
O0501;3;P027;8/7/2025
O0502;10;P016;8/7/2025
O0503;1;P051;8/7/2025
O0504;13;P110;8/7/2025
O0505;4;P036;8/7/2025
O0506;8;P069;8/7/2025
O0507;15;P013;8/7/2025
O0508;17;P036;8/7/2025
O0509;3;P059;8/7/2025
O0510;10;P047;8/7/2025
O0511;19;P094;8/7/2025
O0512;6;P012;8/7/2025
O0513;4;P070;8/7/2025
O0514;7;P091;8/7/2025
O0515;14;P086;8/7/2025
O0516;4;P104;8/7/2025
O0517;3;P071;8/7/2025
O0518;17;P081;8/7/2025
O0519;10;P060;8/7/2025
O0520;17;P148;8/7/2025
O0521;15;P033;8/7/2025
O0522;15;P132;8/7/2025
O0523;15;P052;8/7/2025
O0524;14;P080;8/7/2025
O0525;6;P007;8/7/2025
O0526;13;P133;8/7/2025
O0527;7;P082;8/7/2025
O0528;4;P030;8/7/2025
O0529;11;P067;8/7/2025
O0530;19;P015;8/7/2025
O0531;1;P083;8/7/2025
O0532;14;P061;8/7/2025
O0533;10;P127;8/7/2025
O0534;19;P059;8/7/2025
O0535;9;P071;8/7/2025
O0536;10;P034;8/7/2025
O0537;16;P007;8/7/2025
O0538;4;P128;8/7/2025
O0539;9;P120;8/7/2025
O0540;4;P138;8/7/2025
O0541;14;P100;8/7/2025
O0542;5;P047;8/7/2025
O0543;9;P067;9/7/2025
O0544;18;P128;9/7/2025
O0545;17;P105;9/7/2025
O0546;9;P004;9/7/2025
O0547;9;P085;9/7/2025
O0548;13;P090;9/7/2025
O0549;11;P020;9/7/2025
O0550;5;P088;9/7/2025
O0551;14;P081;9/7/2025
O0552;14;P002;9/7/2025
O0553;18;P081;9/7/2025
O0554;4;P062;9/7/2025
O0555;6;P069;9/7/2025
O0556;15;P065;9/7/2025
O0557;2;P061;9/7/2025
O0558;17;P058;9/7/2025
O0559;16;P066;9/7/2025
O0560;17;P001;9/7/2025
O0561;12;P020;9/7/2025
O0562;6;P002;9/7/2025
O0563;12;P075;9/7/2025
O0564;5;P048;9/7/2025
O0565;18;P011;9/7/2025
O0566;11;P073;9/7/2025
O0567;8;P053;9/7/2025
O0568;3;P111;9/7/2025
O0569;11;P027;9/7/2025
O0570;8;P048;9/7/2025
O0571;17;P072;9/7/2025
O0572;7;P069;9/7/2025
O0573;20;P053;9/7/2025
O0574;18;P097;9/7/2025
O0575;19;P116;9/7/2025
O0576;18;P049;9/7/2025
O0577;15;P068;9/7/2025
O0578;6;P114;9/7/2025
O0579;15;P114;9/7/2025
O0580;20;P142;9/7/2025
O0581;7;P109;9/7/2025
O0582;9;P087;9/7/2025
O0583;14;P113;9/7/2025
O0584;18;P143;9/7/2025
O0585;20;P073;9/7/2025
O0586;15;P039;9/7/2025
O0587;1;P069;9/7/2025
O0588;13;P134;9/7/2025
O0589;16;P019;9/7/2025
O0590;10;P003;9/7/2025
O0591;7;P069;9/7/2025
O0592;14;P080;9/7/2025
O0593;4;P122;9/7/2025
O0594;5;P130;9/7/2025
O0595;19;P037;9/7/2025
O0596;3;P133;9/7/2025
O0597;1;P080;9/7/2025
O0598;19;P086;9/7/2025
O0599;9;P057;9/7/2025
O0600;3;P104;9/7/2025
O0601;9;P142;9/7/2025
O0602;4;P138;9/7/2025
O0603;17;P149;9/7/2025
O0604;18;P107;9/7/2025
O0605;11;P056;9/7/2025
O0606;5;P015;10/7/2025
O0607;14;P138;10/7/2025
O0608;16;P079;10/7/2025
O0609;12;P012;10/7/2025
O0610;12;P048;10/7/2025
O0611;2;P039;10/7/2025
O0612;12;P040;10/7/2025
O0613;19;P089;10/7/2025
O0614;16;P106;10/7/2025
O0615;5;P063;10/7/2025
O0616;7;P058;10/7/2025
O0617;1;P055;10/7/2025
O0618;15;P027;10/7/2025
O0619;17;P037;10/7/2025
O0620;6;P069;10/7/2025
O0621;20;P060;10/7/2025
O0622;11;P014;10/7/2025
O0623;3;P064;10/7/2025
O0624;10;P122;10/7/2025
O0625;19;P016;10/7/2025
O0626;13;P043;10/7/2025
O0627;20;P058;10/7/2025
O0628;2;P128;10/7/2025
O0629;11;P061;10/7/2025
O0630;4;P011;10/7/2025
O0631;18;P107;10/7/2025
O0632;12;P039;10/7/2025
O0633;2;P089;10/7/2025
O0634;20;P085;10/7/2025
O0635;17;P124;10/7/2025
O0636;19;P115;10/7/2025
O0637;16;P030;10/7/2025
O0638;9;P081;10/7/2025
O0639;9;P145;10/7/2025
O0640;10;P097;10/7/2025
O0641;2;P146;10/7/2025
O0642;8;P032;10/7/2025
O0643;1;P117;10/7/2025
O0644;20;P115;10/7/2025
O0645;4;P001;10/7/2025
O0646;11;P044;10/7/2025
O0647;5;P116;10/7/2025
O0648;15;P058;10/7/2025
O0649;16;P116;10/7/2025
O0650;16;P066;10/7/2025
O0651;8;P087;10/7/2025
O0652;19;P094;10/7/2025
O0653;11;P059;10/7/2025
O0654;12;P032;10/7/2025
O0655;8;P098;10/7/2025
O0656;3;P034;10/7/2025
O0657;20;P078;10/7/2025
O0658;15;P111;10/7/2025
O0659;1;P060;10/7/2025
O0660;9;P149;10/7/2025
O0661;13;P125;10/7/2025
O0662;14;P148;10/7/2025
O0663;4;P081;10/7/2025
O0664;4;P025;10/7/2025
O0665;4;P038;10/7/2025
O0666;16;P035;10/7/2025
O0667;9;P134;10/7/2025
O0668;17;P043;10/7/2025
O0669;18;P031;10/7/2025
O0670;17;P105;10/7/2025
O0671;13;P142;10/7/2025
O0672;4;P132;10/7/2025
O0673;12;P100;10/7/2025
O0674;10;P011;10/7/2025
O0675;7;P063;10/7/2025
O0676;11;P113;10/7/2025
O0677;19;P037;10/7/2025
O0678;8;P115;10/7/2025
O0679;2;P126;11/7/2025
O0680;5;P009;11/7/2025
O0681;2;P063;11/7/2025
O0682;1;P131;11/7/2025
O0683;19;P068;11/7/2025
O0684;13;P090;11/7/2025
O0685;3;P115;11/7/2025
O0686;10;P094;11/7/2025
O0687;3;P008;11/7/2025
O0688;13;P103;11/7/2025
O0689;15;P072;11/7/2025
O0690;7;P121;11/7/2025
O0691;6;P091;11/7/2025
O0692;18;P108;11/7/2025
O0693;9;P040;11/7/2025
O0694;13;P138;11/7/2025
O0695;4;P058;11/7/2025
O0696;12;P077;11/7/2025
O0697;16;P028;11/7/2025
O0698;12;P082;11/7/2025
O0699;9;P122;11/7/2025
O0700;9;P027;11/7/2025
O0701;16;P053;11/7/2025
O0702;11;P096;11/7/2025
O0703;2;P002;11/7/2025
O0704;5;P104;11/7/2025
O0705;11;P105;11/7/2025
O0706;9;P064;11/7/2025
O0707;10;P017;11/7/2025
O0708;5;P128;11/7/2025
O0709;13;P143;11/7/2025
O0710;19;P126;11/7/2025
O0711;19;P037;11/7/2025
O0712;1;P065;11/7/2025
O0713;6;P129;11/7/2025
O0714;4;P036;11/7/2025
O0715;6;P066;11/7/2025
O0716;17;P137;11/7/2025
O0717;3;P012;11/7/2025
O0718;5;P058;11/7/2025
O0719;18;P104;11/7/2025
O0720;16;P138;11/7/2025
O0721;18;P026;11/7/2025
O0722;5;P038;11/7/2025
O0723;12;P055;11/7/2025
O0724;4;P050;11/7/2025
O0725;15;P001;11/7/2025
O0726;6;P032;11/7/2025
O0727;11;P013;11/7/2025
O0728;10;P102;11/7/2025
O0729;1;P142;11/7/2025
O0730;14;P143;11/7/2025
O0731;8;P046;11/7/2025
O0732;19;P037;11/7/2025
O0733;2;P071;11/7/2025
O0734;8;P042;11/7/2025
O0735;17;P128;11/7/2025
O0736;2;P147;11/7/2025
O0737;13;P061;11/7/2025
O0738;16;P050;11/7/2025
O0739;11;P086;11/7/2025
O0740;2;P089;11/7/2025
O0741;4;P048;11/7/2025
O0742;8;P081;11/7/2025
O0743;6;P146;11/7/2025
O0744;4;P143;11/7/2025
O0745;6;P026;11/7/2025
O0746;19;P139;11/7/2025
O0747;16;P055;11/7/2025
O0748;12;P016;11/7/2025
O0749;16;P072;11/7/2025
O0750;9;P104;11/7/2025
O0751;4;P087;11/7/2025
O0752;19;P108;11/7/2025
O0753;9;P004;11/7/2025
O0754;18;P006;11/7/2025
O0755;7;P097;11/7/2025
O0756;4;P062;11/7/2025
O0757;19;P023;11/7/2025
O0758;12;P145;11/7/2025
O0759;16;P068;11/7/2025
O0760;1;P008;12/7/2025
O0761;2;P013;12/7/2025
O0762;14;P054;12/7/2025
O0763;13;P001;12/7/2025
O0764;5;P055;12/7/2025
O0765;15;P053;12/7/2025
O0766;3;P139;12/7/2025
O0767;19;P139;12/7/2025
O0768;13;P079;12/7/2025
O0769;5;P131;12/7/2025
O0770;16;P032;12/7/2025
O0771;10;P057;12/7/2025
O0772;15;P013;12/7/2025
O0773;15;P047;12/7/2025
O0774;19;P030;12/7/2025
O0775;2;P027;12/7/2025
O0776;9;P128;12/7/2025
O0777;1;P011;12/7/2025
O0778;19;P121;12/7/2025
O0779;5;P067;12/7/2025
O0780;19;P029;12/7/2025
O0781;19;P083;12/7/2025
O0782;14;P014;12/7/2025
O0783;15;P029;12/7/2025
O0784;17;P047;12/7/2025
O0785;5;P082;12/7/2025
O0786;11;P087;12/7/2025
O0787;14;P011;12/7/2025
O0788;7;P047;12/7/2025
O0789;17;P102;12/7/2025
O0790;9;P094;12/7/2025
O0791;18;P052;12/7/2025
O0792;14;P055;12/7/2025
O0793;2;P114;12/7/2025
O0794;13;P008;12/7/2025
O0795;5;P074;12/7/2025
O0796;13;P003;12/7/2025
O0797;10;P140;12/7/2025
O0798;19;P059;12/7/2025
O0799;6;P055;12/7/2025
O0800;6;P057;12/7/2025
O0801;11;P042;12/7/2025
O0802;3;P064;12/7/2025
O0803;11;P085;12/7/2025
O0804;16;P128;12/7/2025
O0805;9;P102;12/7/2025
O0806;20;P133;12/7/2025
O0807;20;P079;12/7/2025
O0808;12;P019;12/7/2025
O0809;10;P131;12/7/2025
O0810;8;P012;12/7/2025
O0811;2;P083;12/7/2025
O0812;8;P117;12/7/2025
O0813;6;P108;12/7/2025
O0814;20;P145;12/7/2025
O0815;20;P069;12/7/2025
O0816;13;P099;12/7/2025
O0817;1;P109;12/7/2025
O0818;2;P025;12/7/2025
O0819;11;P091;12/7/2025
O0820;15;P016;12/7/2025
O0821;2;P077;12/7/2025
O0822;9;P018;12/7/2025
O0823;16;P141;12/7/2025
O0824;2;P058;12/7/2025
O0825;9;P147;12/7/2025
O0826;5;P117;13/7/2025
O0827;11;P002;13/7/2025
O0828;13;P021;13/7/2025
O0829;19;P073;13/7/2025
O0830;10;P046;13/7/2025
O0831;3;P124;13/7/2025
O0832;2;P021;13/7/2025
O0833;2;P074;13/7/2025
O0834;18;P069;13/7/2025
O0835;12;P033;13/7/2025
O0836;12;P105;13/7/2025
O0837;3;P111;13/7/2025
O0838;3;P006;13/7/2025
O0839;13;P032;13/7/2025
O0840;4;P125;13/7/2025
O0841;12;P110;13/7/2025
O0842;18;P134;13/7/2025
O0843;13;P131;13/7/2025
O0844;15;P117;13/7/2025
O0845;20;P097;13/7/2025
O0846;15;P074;13/7/2025
O0847;9;P111;13/7/2025
O0848;2;P130;13/7/2025
O0849;6;P066;13/7/2025
O0850;5;P006;13/7/2025
O0851;16;P075;13/7/2025
O0852;12;P074;13/7/2025
O0853;14;P027;13/7/2025
O0854;6;P048;13/7/2025
O0855;20;P011;13/7/2025
O0856;5;P004;13/7/2025
O0857;10;P109;13/7/2025
O0858;1;P082;13/7/2025
O0859;17;P129;13/7/2025
O0860;11;P134;13/7/2025
O0861;11;P093;13/7/2025
O0862;10;P050;13/7/2025
O0863;20;P127;13/7/2025
O0864;8;P108;13/7/2025
O0865;5;P062;13/7/2025
O0866;17;P051;13/7/2025
O0867;8;P067;13/7/2025
O0868;19;P112;13/7/2025
O0869;8;P012;13/7/2025
O0870;19;P036;13/7/2025
O0871;3;P057;13/7/2025
O0872;12;P055;13/7/2025
O0873;10;P040;13/7/2025
O0874;7;P137;13/7/2025
O0875;2;P019;13/7/2025
O0876;18;P087;13/7/2025
O0877;1;P059;13/7/2025
O0878;8;P121;13/7/2025
O0879;9;P008;13/7/2025
O0880;14;P089;13/7/2025
O0881;1;P088;13/7/2025
O0882;2;P139;13/7/2025
O0883;4;P024;13/7/2025
O0884;15;P021;13/7/2025
O0885;2;P087;13/7/2025
O0886;5;P015;13/7/2025
O0887;19;P023;13/7/2025
O0888;3;P017;13/7/2025
O0889;12;P141;13/7/2025
O0890;5;P096;13/7/2025
O0891;3;P056;13/7/2025
O0892;1;P039;13/7/2025
O0893;5;P054;13/7/2025
O0894;8;P006;13/7/2025
O0895;9;P145;13/7/2025
O0896;15;P074;13/7/2025
O0897;14;P008;14/7/2025
O0898;5;P066;14/7/2025
O0899;11;P018;14/7/2025
O0900;10;P044;14/7/2025
O0901;13;P105;14/7/2025
O0902;19;P073;14/7/2025
O0903;18;P027;14/7/2025
O0904;12;P054;14/7/2025
O0905;17;P094;14/7/2025
O0906;9;P011;14/7/2025
O0907;15;P081;14/7/2025
O0908;20;P080;14/7/2025
O0909;14;P016;14/7/2025
O0910;16;P049;14/7/2025
O0911;3;P048;14/7/2025
O0912;13;P147;14/7/2025
O0913;4;P068;14/7/2025
O0914;6;P068;14/7/2025
O0915;12;P094;14/7/2025
O0916;8;P109;14/7/2025
O0917;6;P007;14/7/2025
O0918;10;P108;14/7/2025
O0919;9;P039;14/7/2025
O0920;15;P098;14/7/2025
O0921;6;P088;14/7/2025
O0922;16;P100;14/7/2025
O0923;20;P133;14/7/2025
O0924;11;P071;14/7/2025
O0925;11;P019;14/7/2025
O0926;11;P127;14/7/2025
O0927;10;P094;14/7/2025
O0928;18;P082;14/7/2025
O0929;4;P076;14/7/2025
O0930;2;P127;14/7/2025
O0931;20;P067;14/7/2025
O0932;20;P027;14/7/2025
O0933;13;P032;14/7/2025
O0934;14;P011;14/7/2025
O0935;13;P008;14/7/2025
O0936;2;P072;14/7/2025
O0937;19;P140;14/7/2025
O0938;15;P075;14/7/2025
O0939;17;P072;14/7/2025
O0940;8;P006;14/7/2025
O0941;15;P026;14/7/2025
O0942;18;P087;14/7/2025
O0943;16;P106;14/7/2025
O0944;7;P042;14/7/2025
O0945;13;P074;14/7/2025
O0946;6;P114;14/7/2025
O0947;20;P132;14/7/2025
O0948;18;P072;14/7/2025
O0949;7;P124;14/7/2025
O0950;1;P114;14/7/2025
O0951;10;P038;14/7/2025
O0952;11;P068;14/7/2025
O0953;17;P123;14/7/2025
O0954;16;P020;14/7/2025
O0955;20;P147;14/7/2025
O0956;5;P035;14/7/2025
O0957;18;P065;14/7/2025
O0958;17;P086;14/7/2025
O0959;9;P087;14/7/2025
O0960;14;P032;14/7/2025
O0961;20;P122;14/7/2025
O0962;14;P038;14/7/2025
O0963;10;P019;14/7/2025
O0964;19;P041;14/7/2025
O0965;18;P123;14/7/2025
O0966;3;P084;14/7/2025
O0967;11;P012;14/7/2025
O0968;19;P050;14/7/2025
O0969;7;P070;14/7/2025
O0970;17;P144;14/7/2025
O0971;9;P109;14/7/2025
O0972;10;P042;14/7/2025
O0973;13;P092;15/7/2025
O0974;12;P056;15/7/2025
O0975;13;P138;15/7/2025
O0976;1;P021;15/7/2025
O0977;16;P038;15/7/2025
O0978;17;P117;15/7/2025
O0979;14;P075;15/7/2025
O0980;7;P016;15/7/2025
O0981;11;P047;15/7/2025
O0982;1;P013;15/7/2025
O0983;9;P120;15/7/2025
O0984;13;P077;15/7/2025
O0985;7;P030;15/7/2025
O0986;14;P057;15/7/2025
O0987;15;P146;15/7/2025
O0988;11;P026;15/7/2025
O0989;11;P046;15/7/2025
O0990;11;P070;15/7/2025
O0991;17;P118;15/7/2025
O0992;7;P036;15/7/2025
O0993;4;P032;15/7/2025
O0994;2;P118;15/7/2025
O0995;14;P112;15/7/2025
O0996;2;P078;15/7/2025
O0997;3;P017;15/7/2025
O0998;16;P086;15/7/2025
O0999;14;P038;15/7/2025
O1000;20;P110;15/7/2025
O1001;8;P129;15/7/2025
O1002;13;P114;15/7/2025
O1003;1;P027;15/7/2025
O1004;14;P101;15/7/2025
O1005;11;P015;15/7/2025
O1006;18;P044;15/7/2025
O1007;10;P075;15/7/2025
O1008;12;P062;15/7/2025
O1009;12;P045;15/7/2025
O1010;19;P149;15/7/2025
O1011;3;P070;15/7/2025
O1012;5;P052;15/7/2025
O1013;7;P089;15/7/2025
O1014;9;P055;15/7/2025
O1015;17;P088;15/7/2025
O1016;8;P054;15/7/2025
O1017;18;P110;15/7/2025
O1018;20;P113;15/7/2025
O1019;12;P080;15/7/2025
O1020;11;P012;15/7/2025
O1021;18;P128;15/7/2025
O1022;2;P049;15/7/2025
O1023;12;P086;15/7/2025
O1024;2;P014;15/7/2025
O1025;13;P115;15/7/2025
O1026;4;P091;15/7/2025
O1027;3;P147;15/7/2025
O1028;10;P129;15/7/2025
O1029;7;P072;15/7/2025
O1030;11;P097;15/7/2025
O1031;16;P031;15/7/2025
O1032;9;P052;15/7/2025
O1033;19;P096;15/7/2025
O1034;11;P030;15/7/2025
O1035;16;P135;15/7/2025
O1036;6;P101;15/7/2025
O1037;13;P047;15/7/2025
O1038;4;P050;15/7/2025
O1039;6;P007;15/7/2025
O1040;10;P018;15/7/2025
O1041;12;P101;15/7/2025
O1042;18;P117;15/7/2025
O1043;15;P129;15/7/2025
O1044;9;P027;15/7/2025
O1045;8;P115;15/7/2025
O1046;3;P081;16/7/2025
O1047;18;P054;16/7/2025
O1048;5;P046;16/7/2025
O1049;8;P032;16/7/2025
O1050;2;P023;16/7/2025
O1051;8;P025;16/7/2025
O1052;2;P101;16/7/2025
O1053;6;P066;16/7/2025
O1054;12;P089;16/7/2025
O1055;14;P081;16/7/2025
O1056;4;P052;16/7/2025
O1057;1;P056;16/7/2025
O1058;5;P080;16/7/2025
O1059;14;P054;16/7/2025
O1060;10;P143;16/7/2025
O1061;12;P055;16/7/2025
O1062;7;P117;16/7/2025
O1063;14;P077;16/7/2025
O1064;15;P140;16/7/2025
O1065;12;P015;16/7/2025
O1066;6;P052;16/7/2025
O1067;17;P014;16/7/2025
O1068;8;P007;16/7/2025
O1069;15;P121;16/7/2025
O1070;18;P004;16/7/2025
O1071;19;P052;16/7/2025
O1072;20;P101;16/7/2025
O1073;8;P067;16/7/2025
O1074;12;P070;16/7/2025
O1075;3;P126;16/7/2025
O1076;3;P113;16/7/2025
O1077;20;P043;16/7/2025
O1078;7;P002;16/7/2025
O1079;9;P033;16/7/2025
O1080;15;P128;16/7/2025
O1081;3;P130;16/7/2025
O1082;16;P145;16/7/2025
O1083;3;P047;16/7/2025
O1084;16;P032;16/7/2025
O1085;8;P024;16/7/2025
O1086;6;P105;16/7/2025
O1087;3;P111;16/7/2025
O1088;16;P028;16/7/2025
O1089;8;P079;16/7/2025
O1090;17;P108;16/7/2025
O1091;8;P141;16/7/2025
O1092;15;P136;16/7/2025
O1093;8;P014;16/7/2025
O1094;17;P127;16/7/2025
O1095;17;P013;16/7/2025
O1096;7;P035;16/7/2025
O1097;3;P025;16/7/2025
O1098;13;P129;16/7/2025
O1099;13;P003;16/7/2025
O1100;11;P044;16/7/2025
O1101;7;P033;16/7/2025
O1102;3;P076;16/7/2025
O1103;10;P130;16/7/2025
O1104;1;P098;16/7/2025
O1105;18;P129;16/7/2025
O1106;8;P073;16/7/2025
O1107;8;P002;16/7/2025
O1108;18;P063;17/7/2025
O1109;17;P074;17/7/2025
O1110;1;P085;17/7/2025
O1111;4;P011;17/7/2025
O1112;12;P058;17/7/2025
O1113;15;P064;17/7/2025
O1114;18;P123;17/7/2025
O1115;6;P081;17/7/2025
O1116;3;P087;17/7/2025
O1117;1;P065;17/7/2025
O1118;17;P124;17/7/2025
O1119;12;P015;17/7/2025
O1120;5;P112;17/7/2025
O1121;4;P048;17/7/2025
O1122;10;P103;17/7/2025
O1123;18;P070;17/7/2025
O1124;17;P039;17/7/2025
O1125;7;P073;17/7/2025
O1126;7;P089;17/7/2025
O1127;14;P020;17/7/2025
O1128;16;P082;17/7/2025
O1129;13;P138;17/7/2025
O1130;15;P132;17/7/2025
O1131;20;P059;17/7/2025
O1132;17;P022;17/7/2025
O1133;5;P120;17/7/2025
O1134;3;P049;17/7/2025
O1135;19;P013;17/7/2025
O1136;7;P017;17/7/2025
O1137;13;P049;17/7/2025
O1138;1;P062;17/7/2025
O1139;16;P124;17/7/2025
O1140;14;P059;17/7/2025
O1141;12;P044;17/7/2025
O1142;14;P099;17/7/2025
O1143;4;P146;17/7/2025
O1144;20;P024;17/7/2025
O1145;5;P046;17/7/2025
O1146;20;P119;17/7/2025
O1147;10;P143;17/7/2025
O1148;9;P029;17/7/2025
O1149;16;P133;17/7/2025
O1150;5;P028;17/7/2025
O1151;15;P084;17/7/2025
O1152;18;P143;17/7/2025
O1153;2;P037;17/7/2025
O1154;14;P058;17/7/2025
O1155;18;P083;17/7/2025
O1156;8;P033;17/7/2025
O1157;8;P101;17/7/2025
O1158;1;P085;17/7/2025
O1159;1;P004;17/7/2025
O1160;15;P120;17/7/2025
O1161;17;P100;17/7/2025
O1162;12;P114;17/7/2025
O1163;20;P028;17/7/2025
O1164;14;P136;17/7/2025
O1165;5;P048;17/7/2025
O1166;8;P143;17/7/2025
O1167;4;P098;17/7/2025
O1168;16;P092;17/7/2025
O1169;15;P141;17/7/2025
O1170;20;P120;17/7/2025
O1171;8;P078;17/7/2025
O1172;5;P128;17/7/2025
O1173;12;P122;17/7/2025
O1174;6;P020;17/7/2025
O1175;10;P042;17/7/2025
O1176;16;P037;17/7/2025
O1177;12;P129;18/7/2025
O1178;5;P127;18/7/2025
O1179;1;P139;18/7/2025
O1180;6;P025;18/7/2025
O1181;13;P075;18/7/2025
O1182;9;P138;18/7/2025
O1183;3;P127;18/7/2025
O1184;4;P037;18/7/2025
O1185;7;P136;18/7/2025
O1186;3;P149;18/7/2025
O1187;19;P018;18/7/2025
O1188;17;P114;18/7/2025
O1189;16;P070;18/7/2025
O1190;1;P124;18/7/2025
O1191;20;P072;18/7/2025
O1192;12;P140;18/7/2025
O1193;8;P061;18/7/2025
O1194;9;P046;18/7/2025
O1195;8;P111;18/7/2025
O1196;18;P005;18/7/2025
O1197;9;P134;18/7/2025
O1198;9;P042;18/7/2025
O1199;18;P071;18/7/2025
O1200;17;P005;18/7/2025
O1201;8;P024;18/7/2025
O1202;8;P038;18/7/2025
O1203;3;P077;18/7/2025
O1204;10;P096;18/7/2025
O1205;20;P051;18/7/2025
O1206;6;P122;18/7/2025
O1207;19;P078;18/7/2025
O1208;9;P066;18/7/2025
O1209;8;P148;18/7/2025
O1210;20;P086;18/7/2025
O1211;14;P058;18/7/2025
O1212;11;P025;18/7/2025
O1213;12;P046;18/7/2025
O1214;8;P139;18/7/2025
O1215;9;P093;18/7/2025
O1216;1;P005;18/7/2025
O1217;13;P146;18/7/2025
O1218;14;P084;18/7/2025
O1219;8;P120;18/7/2025
O1220;13;P135;18/7/2025
O1221;16;P090;18/7/2025
O1222;20;P046;18/7/2025
O1223;12;P028;18/7/2025
O1224;3;P089;18/7/2025
O1225;20;P084;18/7/2025
O1226;17;P031;18/7/2025
O1227;2;P052;18/7/2025
O1228;10;P013;18/7/2025
O1229;2;P139;18/7/2025
O1230;5;P116;18/7/2025
O1231;13;P111;18/7/2025
O1232;18;P121;18/7/2025
O1233;2;P032;18/7/2025
O1234;17;P007;18/7/2025
O1235;8;P125;18/7/2025
O1236;12;P077;18/7/2025
O1237;12;P036;18/7/2025
O1238;15;P134;18/7/2025
O1239;19;P125;18/7/2025
O1240;6;P101;18/7/2025
O1241;16;P130;18/7/2025
O1242;11;P032;19/7/2025
O1243;17;P113;19/7/2025
O1244;12;P085;19/7/2025
O1245;7;P124;19/7/2025
O1246;17;P122;19/7/2025
O1247;15;P067;19/7/2025
O1248;20;P007;19/7/2025
O1249;6;P128;19/7/2025
O1250;20;P070;19/7/2025
O1251;19;P100;19/7/2025
O1252;7;P008;19/7/2025
O1253;20;P107;19/7/2025
O1254;9;P052;19/7/2025
O1255;17;P010;19/7/2025
O1256;18;P113;19/7/2025
O1257;16;P111;19/7/2025
O1258;13;P131;19/7/2025
O1259;4;P086;19/7/2025
O1260;20;P110;19/7/2025
O1261;6;P009;19/7/2025
O1262;2;P098;19/7/2025
O1263;10;P061;19/7/2025
O1264;11;P086;19/7/2025
O1265;1;P022;19/7/2025
O1266;18;P006;19/7/2025
O1267;18;P135;19/7/2025
O1268;1;P029;19/7/2025
O1269;16;P034;19/7/2025
O1270;16;P102;19/7/2025
O1271;13;P118;19/7/2025
O1272;12;P007;19/7/2025
O1273;20;P096;19/7/2025
O1274;12;P121;19/7/2025
O1275;10;P116;19/7/2025
O1276;13;P148;19/7/2025
O1277;12;P048;19/7/2025
O1278;4;P097;19/7/2025
O1279;4;P124;19/7/2025
O1280;20;P003;19/7/2025
O1281;5;P061;19/7/2025
O1282;10;P040;19/7/2025
O1283;14;P135;19/7/2025
O1284;12;P107;19/7/2025
O1285;11;P080;19/7/2025
O1286;5;P117;19/7/2025
O1287;14;P122;19/7/2025
O1288;5;P018;19/7/2025
O1289;5;P083;19/7/2025
O1290;7;P083;19/7/2025
O1291;16;P057;19/7/2025
O1292;4;P132;19/7/2025
O1293;15;P071;19/7/2025
O1294;6;P083;19/7/2025
O1295;6;P082;19/7/2025
O1296;7;P058;19/7/2025
O1297;9;P126;19/7/2025
O1298;17;P049;19/7/2025
O1299;15;P076;19/7/2025
O1300;4;P065;19/7/2025
O1301;16;P112;19/7/2025
O1302;13;P076;19/7/2025
O1303;13;P082;19/7/2025
O1304;17;P077;19/7/2025
O1305;1;P126;19/7/2025
O1306;15;P001;19/7/2025
O1307;18;P114;19/7/2025
O1308;16;P142;20/7/2025
O1309;11;P112;20/7/2025
O1310;1;P068;20/7/2025
O1311;10;P095;20/7/2025
O1312;9;P112;20/7/2025
O1313;14;P058;20/7/2025
O1314;3;P030;20/7/2025
O1315;14;P070;20/7/2025
O1316;2;P025;20/7/2025
O1317;16;P121;20/7/2025
O1318;10;P089;20/7/2025
O1319;5;P105;20/7/2025
O1320;19;P110;20/7/2025
O1321;1;P023;20/7/2025
O1322;13;P001;20/7/2025
O1323;15;P097;20/7/2025
O1324;20;P046;20/7/2025
O1325;6;P082;20/7/2025
O1326;4;P103;20/7/2025
O1327;9;P076;20/7/2025
O1328;11;P142;20/7/2025
O1329;6;P095;20/7/2025
O1330;16;P081;20/7/2025
O1331;18;P089;20/7/2025
O1332;10;P012;20/7/2025
O1333;10;P048;20/7/2025
O1334;16;P096;20/7/2025
O1335;13;P077;20/7/2025
O1336;4;P080;20/7/2025
O1337;9;P106;20/7/2025
O1338;17;P021;20/7/2025
O1339;20;P121;20/7/2025
O1340;11;P034;20/7/2025
O1341;3;P129;20/7/2025
O1342;19;P053;20/7/2025
O1343;3;P149;20/7/2025
O1344;20;P072;20/7/2025
O1345;3;P123;20/7/2025
O1346;12;P106;20/7/2025
O1347;2;P051;20/7/2025
O1348;11;P026;20/7/2025
O1349;9;P079;20/7/2025
O1350;5;P062;20/7/2025
O1351;3;P081;20/7/2025
O1352;11;P046;20/7/2025
O1353;5;P009;20/7/2025
O1354;6;P022;20/7/2025
O1355;10;P029;20/7/2025
O1356;13;P033;20/7/2025
O1357;10;P138;20/7/2025
O1358;16;P005;20/7/2025
O1359;18;P087;20/7/2025
O1360;9;P041;20/7/2025
O1361;18;P122;20/7/2025
O1362;3;P038;20/7/2025
O1363;18;P019;20/7/2025
O1364;16;P022;20/7/2025
O1365;11;P032;20/7/2025
O1366;19;P038;20/7/2025
O1367;16;P080;20/7/2025
O1368;12;P101;20/7/2025
O1369;17;P146;20/7/2025
O1370;10;P095;20/7/2025
O1371;4;P106;20/7/2025
O1372;10;P071;20/7/2025
O1373;19;P031;20/7/2025
O1374;15;P092;20/7/2025
O1375;10;P001;20/7/2025
O1376;6;P009;20/7/2025
O1377;7;P034;20/7/2025
O1378;18;P138;20/7/2025
O1379;2;P136;21/7/2025
O1380;6;P057;21/7/2025
O1381;9;P012;21/7/2025
O1382;8;P138;21/7/2025
O1383;17;P023;21/7/2025
O1384;17;P094;21/7/2025
O1385;1;P095;21/7/2025
O1386;2;P071;21/7/2025
O1387;14;P125;21/7/2025
O1388;11;P060;21/7/2025
O1389;8;P118;21/7/2025
O1390;20;P047;21/7/2025
O1391;15;P098;21/7/2025
O1392;13;P080;21/7/2025
O1393;6;P009;21/7/2025
O1394;7;P056;21/7/2025
O1395;16;P108;21/7/2025
O1396;4;P043;21/7/2025
O1397;15;P140;21/7/2025
O1398;12;P036;21/7/2025
O1399;19;P094;21/7/2025
O1400;17;P086;21/7/2025
O1401;17;P005;21/7/2025
O1402;17;P082;21/7/2025
O1403;10;P103;21/7/2025
O1404;6;P025;21/7/2025
O1405;16;P130;21/7/2025
O1406;17;P102;21/7/2025
O1407;20;P104;21/7/2025
O1408;9;P136;21/7/2025
O1409;18;P005;21/7/2025
O1410;10;P008;21/7/2025
O1411;2;P121;21/7/2025
O1412;8;P069;21/7/2025
O1413;5;P102;21/7/2025
O1414;18;P129;21/7/2025
O1415;8;P045;21/7/2025
O1416;14;P047;21/7/2025
O1417;7;P070;21/7/2025
O1418;20;P021;21/7/2025
O1419;18;P074;21/7/2025
O1420;3;P038;21/7/2025
O1421;6;P003;21/7/2025
O1422;12;P063;21/7/2025
O1423;9;P030;21/7/2025
O1424;17;P125;21/7/2025
O1425;4;P089;21/7/2025
O1426;3;P112;21/7/2025
O1427;15;P031;21/7/2025
O1428;2;P146;21/7/2025
O1429;15;P106;21/7/2025
O1430;4;P106;21/7/2025
O1431;8;P024;21/7/2025
O1432;12;P114;21/7/2025
O1433;15;P107;21/7/2025
O1434;16;P006;21/7/2025
O1435;7;P065;21/7/2025
O1436;18;P144;21/7/2025
O1437;5;P022;21/7/2025
O1438;10;P021;21/7/2025
O1439;20;P066;21/7/2025
O1440;8;P070;21/7/2025
O1441;7;P103;22/7/2025
O1442;4;P067;22/7/2025
O1443;17;P021;22/7/2025
O1444;17;P123;22/7/2025
O1445;1;P044;22/7/2025
O1446;16;P010;22/7/2025
O1447;18;P034;22/7/2025
O1448;5;P031;22/7/2025
O1449;16;P033;22/7/2025
O1450;9;P102;22/7/2025
O1451;8;P029;22/7/2025
O1452;18;P145;22/7/2025
O1453;7;P131;22/7/2025
O1454;15;P001;22/7/2025
O1455;12;P020;22/7/2025
O1456;19;P037;22/7/2025
O1457;18;P017;22/7/2025
O1458;6;P102;22/7/2025
O1459;18;P051;22/7/2025
O1460;17;P042;22/7/2025
O1461;13;P121;22/7/2025
O1462;1;P140;22/7/2025
O1463;15;P071;22/7/2025
O1464;11;P038;22/7/2025
O1465;10;P021;22/7/2025
O1466;11;P042;22/7/2025
O1467;14;P107;22/7/2025
O1468;13;P023;22/7/2025
O1469;13;P085;22/7/2025
O1470;10;P148;22/7/2025
O1471;2;P106;22/7/2025
O1472;8;P149;22/7/2025
O1473;15;P022;22/7/2025
O1474;6;P004;22/7/2025
O1475;16;P149;22/7/2025
O1476;20;P052;22/7/2025
O1477;9;P068;22/7/2025
O1478;3;P051;22/7/2025
O1479;11;P128;22/7/2025
O1480;10;P069;22/7/2025
O1481;18;P143;22/7/2025
O1482;17;P097;22/7/2025
O1483;13;P038;22/7/2025
O1484;16;P012;22/7/2025
O1485;10;P148;22/7/2025
O1486;5;P002;22/7/2025
O1487;20;P078;22/7/2025
O1488;13;P003;22/7/2025
O1489;6;P093;22/7/2025
O1490;3;P053;22/7/2025
O1491;5;P138;22/7/2025
O1492;19;P107;22/7/2025
O1493;1;P104;22/7/2025
O1494;19;P087;22/7/2025
O1495;5;P132;22/7/2025
O1496;16;P042;22/7/2025
O1497;12;P107;22/7/2025
O1498;1;P118;22/7/2025
O1499;5;P074;22/7/2025
O1500;20;P026;22/7/2025
O1501;11;P104;22/7/2025
O1502;13;P011;22/7/2025
O1503;11;P087;22/7/2025
O1504;5;P017;22/7/2025
O1505;1;P130;22/7/2025
O1506;15;P056;23/7/2025
O1507;17;P113;23/7/2025
O1508;13;P013;23/7/2025
O1509;11;P051;23/7/2025
O1510;12;P116;23/7/2025
O1511;12;P028;23/7/2025
O1512;15;P087;23/7/2025
O1513;10;P027;23/7/2025
O1514;11;P023;23/7/2025
O1515;13;P007;23/7/2025
O1516;7;P005;23/7/2025
O1517;11;P111;23/7/2025
O1518;11;P146;23/7/2025
O1519;8;P143;23/7/2025
O1520;17;P030;23/7/2025
O1521;2;P141;23/7/2025
O1522;17;P043;23/7/2025
O1523;9;P117;23/7/2025
O1524;8;P051;23/7/2025
O1525;3;P117;23/7/2025
O1526;16;P098;23/7/2025
O1527;16;P102;23/7/2025
O1528;14;P132;23/7/2025
O1529;12;P050;23/7/2025
O1530;14;P099;23/7/2025
O1531;11;P034;23/7/2025
O1532;13;P087;23/7/2025
O1533;9;P005;23/7/2025
O1534;6;P104;23/7/2025
O1535;10;P074;23/7/2025
O1536;7;P106;23/7/2025
O1537;13;P020;23/7/2025
O1538;10;P040;23/7/2025
O1539;15;P084;23/7/2025
O1540;17;P145;23/7/2025
O1541;18;P146;23/7/2025
O1542;9;P035;23/7/2025
O1543;6;P138;23/7/2025
O1544;4;P085;23/7/2025
O1545;14;P062;23/7/2025
O1546;2;P106;23/7/2025
O1547;18;P141;23/7/2025
O1548;10;P112;23/7/2025
O1549;9;P076;23/7/2025
O1550;1;P135;23/7/2025
O1551;15;P007;23/7/2025
O1552;1;P070;23/7/2025
O1553;1;P050;23/7/2025
O1554;18;P039;23/7/2025
O1555;18;P115;23/7/2025
O1556;13;P078;23/7/2025
O1557;14;P118;23/7/2025
O1558;10;P091;23/7/2025
O1559;3;P004;23/7/2025
O1560;15;P044;23/7/2025
O1561;13;P139;23/7/2025
O1562;1;P002;23/7/2025
O1563;18;P125;24/7/2025
O1564;5;P108;24/7/2025
O1565;7;P096;24/7/2025
O1566;17;P059;24/7/2025
O1567;18;P111;24/7/2025
O1568;16;P103;24/7/2025
O1569;1;P093;24/7/2025
O1570;4;P060;24/7/2025
O1571;12;P132;24/7/2025
O1572;2;P040;24/7/2025
O1573;2;P001;24/7/2025
O1574;12;P140;24/7/2025
O1575;15;P096;24/7/2025
O1576;20;P116;24/7/2025
O1577;13;P053;24/7/2025
O1578;20;P054;24/7/2025
O1579;9;P102;24/7/2025
O1580;13;P108;24/7/2025
O1581;1;P011;24/7/2025
O1582;10;P017;24/7/2025
O1583;15;P083;24/7/2025
O1584;1;P049;24/7/2025
O1585;8;P057;24/7/2025
O1586;9;P075;24/7/2025
O1587;17;P096;24/7/2025
O1588;7;P021;24/7/2025
O1589;10;P131;24/7/2025
O1590;2;P119;24/7/2025
O1591;1;P077;24/7/2025
O1592;4;P003;24/7/2025
O1593;18;P030;24/7/2025
O1594;6;P014;24/7/2025
O1595;16;P057;24/7/2025
O1596;17;P019;24/7/2025
O1597;2;P121;24/7/2025
O1598;12;P079;24/7/2025
O1599;16;P139;24/7/2025
O1600;3;P066;24/7/2025
O1601;13;P121;24/7/2025
O1602;1;P092;24/7/2025
O1603;20;P132;24/7/2025
O1604;5;P013;24/7/2025
O1605;15;P106;24/7/2025
O1606;1;P080;24/7/2025
O1607;12;P106;24/7/2025
O1608;15;P012;24/7/2025
O1609;2;P142;24/7/2025
O1610;1;P144;24/7/2025
O1611;19;P097;24/7/2025
O1612;6;P035;24/7/2025
O1613;5;P082;24/7/2025
O1614;20;P077;24/7/2025
O1615;15;P103;24/7/2025
O1616;10;P006;24/7/2025
O1617;16;P015;24/7/2025
O1618;12;P058;24/7/2025
O1619;9;P104;24/7/2025
O1620;13;P093;24/7/2025
O1621;4;P141;25/7/2025
O1622;11;P059;25/7/2025
O1623;20;P129;25/7/2025
O1624;11;P046;25/7/2025
O1625;16;P021;25/7/2025
O1626;8;P016;25/7/2025
O1627;20;P008;25/7/2025
O1628;19;P085;25/7/2025
O1629;17;P040;25/7/2025
O1630;14;P025;25/7/2025
O1631;3;P097;25/7/2025
O1632;15;P060;25/7/2025
O1633;8;P106;25/7/2025
O1634;19;P141;25/7/2025
O1635;8;P050;25/7/2025
O1636;14;P107;25/7/2025
O1637;7;P016;25/7/2025
O1638;10;P004;25/7/2025
O1639;10;P108;25/7/2025
O1640;15;P003;25/7/2025
O1641;17;P127;25/7/2025
O1642;8;P010;25/7/2025
O1643;12;P149;25/7/2025
O1644;18;P133;25/7/2025
O1645;16;P068;25/7/2025
O1646;11;P120;25/7/2025
O1647;19;P109;25/7/2025
O1648;16;P046;25/7/2025
O1649;20;P078;25/7/2025
O1650;20;P133;25/7/2025
O1651;3;P039;25/7/2025
O1652;18;P045;25/7/2025
O1653;3;P108;25/7/2025
O1654;16;P137;25/7/2025
O1655;10;P124;25/7/2025
O1656;5;P016;25/7/2025
O1657;16;P084;25/7/2025
O1658;3;P124;25/7/2025
O1659;14;P029;25/7/2025
O1660;10;P135;25/7/2025
O1661;16;P077;25/7/2025
O1662;3;P035;25/7/2025
O1663;18;P001;25/7/2025
O1664;12;P007;25/7/2025
O1665;11;P068;25/7/2025
O1666;3;P025;25/7/2025
O1667;12;P120;25/7/2025
O1668;7;P032;25/7/2025
O1669;6;P092;25/7/2025
O1670;17;P015;25/7/2025
O1671;9;P015;25/7/2025
O1672;19;P007;25/7/2025
O1673;1;P059;25/7/2025
O1674;15;P118;25/7/2025
O1675;13;P125;25/7/2025
O1676;10;P008;25/7/2025
O1677;13;P112;25/7/2025
O1678;14;P062;25/7/2025
O1679;11;P026;25/7/2025
O1680;6;P079;25/7/2025
O1681;9;P087;25/7/2025
O1682;2;P122;25/7/2025
O1683;6;P087;25/7/2025
O1684;4;P032;25/7/2025
O1685;4;P090;25/7/2025
O1686;3;P084;26/7/2025
O1687;8;P088;26/7/2025
O1688;3;P086;26/7/2025
O1689;7;P081;26/7/2025
O1690;16;P087;26/7/2025
O1691;4;P009;26/7/2025
O1692;14;P113;26/7/2025
O1693;4;P125;26/7/2025
O1694;16;P128;26/7/2025
O1695;13;P117;26/7/2025
O1696;1;P077;26/7/2025
O1697;10;P062;26/7/2025
O1698;4;P113;26/7/2025
O1699;4;P143;26/7/2025
O1700;16;P074;26/7/2025
O1701;12;P034;26/7/2025
O1702;20;P095;26/7/2025
O1703;1;P003;26/7/2025
O1704;11;P125;26/7/2025
O1705;11;P042;26/7/2025
O1706;2;P125;26/7/2025
O1707;9;P064;26/7/2025
O1708;17;P005;26/7/2025
O1709;14;P087;26/7/2025
O1710;1;P130;26/7/2025
O1711;20;P066;26/7/2025
O1712;10;P063;26/7/2025
O1713;18;P038;26/7/2025
O1714;13;P021;26/7/2025
O1715;10;P079;26/7/2025
O1716;17;P026;26/7/2025
O1717;10;P113;26/7/2025
O1718;14;P062;26/7/2025
O1719;18;P079;26/7/2025
O1720;7;P029;26/7/2025
O1721;7;P047;26/7/2025
O1722;18;P145;26/7/2025
O1723;15;P078;26/7/2025
O1724;3;P038;26/7/2025
O1725;9;P106;26/7/2025
O1726;3;P147;26/7/2025
O1727;13;P008;26/7/2025
O1728;20;P098;26/7/2025
O1729;7;P094;26/7/2025
O1730;18;P009;26/7/2025
O1731;2;P039;26/7/2025
O1732;16;P111;26/7/2025
O1733;10;P070;26/7/2025
O1734;9;P055;26/7/2025
O1735;6;P021;26/7/2025
O1736;7;P075;26/7/2025
O1737;7;P037;26/7/2025
O1738;9;P001;26/7/2025
O1739;14;P115;26/7/2025
O1740;4;P077;26/7/2025
O1741;8;P080;26/7/2025
O1742;14;P116;26/7/2025
O1743;7;P048;26/7/2025
O1744;17;P087;26/7/2025
O1745;6;P061;26/7/2025
O1746;13;P134;26/7/2025
O1747;12;P055;26/7/2025
O1748;16;P145;27/7/2025
O1749;1;P089;27/7/2025
O1750;1;P127;27/7/2025
O1751;6;P015;27/7/2025
O1752;6;P033;27/7/2025
O1753;20;P040;27/7/2025
O1754;9;P077;27/7/2025
O1755;10;P072;27/7/2025
O1756;20;P088;27/7/2025
O1757;12;P071;27/7/2025
O1758;8;P137;27/7/2025
O1759;7;P123;27/7/2025
O1760;1;P064;27/7/2025
O1761;10;P076;27/7/2025
O1762;9;P015;27/7/2025
O1763;11;P023;27/7/2025
O1764;16;P120;27/7/2025
O1765;4;P012;27/7/2025
O1766;16;P144;27/7/2025
O1767;9;P071;27/7/2025
O1768;20;P023;27/7/2025
O1769;5;P046;27/7/2025
O1770;13;P122;27/7/2025
O1771;7;P073;27/7/2025
O1772;17;P121;27/7/2025
O1773;6;P020;27/7/2025
O1774;10;P133;27/7/2025
O1775;12;P131;27/7/2025
O1776;14;P124;27/7/2025
O1777;16;P078;27/7/2025
O1778;9;P070;27/7/2025
O1779;17;P012;27/7/2025
O1780;18;P070;27/7/2025
O1781;13;P132;27/7/2025
O1782;14;P114;27/7/2025
O1783;6;P108;27/7/2025
O1784;5;P034;27/7/2025
O1785;15;P054;27/7/2025
O1786;5;P017;27/7/2025
O1787;2;P109;27/7/2025
O1788;17;P058;27/7/2025
O1789;11;P042;27/7/2025
O1790;2;P064;27/7/2025
O1791;20;P060;27/7/2025
O1792;15;P043;27/7/2025
O1793;17;P118;27/7/2025
O1794;13;P126;27/7/2025
O1795;5;P013;27/7/2025
O1796;19;P093;27/7/2025
O1797;17;P008;27/7/2025
O1798;13;P043;27/7/2025
O1799;20;P062;27/7/2025
O1800;13;P084;27/7/2025
O1801;2;P006;27/7/2025
O1802;9;P076;27/7/2025
O1803;13;P133;27/7/2025
O1804;13;P106;27/7/2025
O1805;20;P142;27/7/2025
O1806;9;P045;27/7/2025
O1807;5;P007;27/7/2025
O1808;13;P048;28/7/2025
O1809;14;P005;28/7/2025
O1810;4;P080;28/7/2025
O1811;6;P115;28/7/2025
O1812;20;P059;28/7/2025
O1813;18;P100;28/7/2025
O1814;4;P072;28/7/2025
O1815;12;P083;28/7/2025
O1816;12;P062;28/7/2025
O1817;3;P053;28/7/2025
O1818;1;P116;28/7/2025
O1819;3;P006;28/7/2025
O1820;20;P053;28/7/2025
O1821;13;P033;28/7/2025
O1822;18;P119;28/7/2025
O1823;19;P047;28/7/2025
O1824;6;P070;28/7/2025
O1825;20;P028;28/7/2025
O1826;15;P109;28/7/2025
O1827;2;P055;28/7/2025
O1828;4;P034;28/7/2025
O1829;6;P075;28/7/2025
O1830;17;P105;28/7/2025
O1831;8;P078;28/7/2025
O1832;7;P147;28/7/2025
O1833;17;P046;28/7/2025
O1834;1;P005;28/7/2025
O1835;8;P005;28/7/2025
O1836;1;P022;28/7/2025
O1837;3;P137;28/7/2025
O1838;18;P128;28/7/2025
O1839;1;P143;28/7/2025
O1840;8;P013;28/7/2025
O1841;9;P040;28/7/2025
O1842;17;P007;28/7/2025
O1843;6;P104;28/7/2025
O1844;11;P080;28/7/2025
O1845;17;P113;28/7/2025
O1846;7;P078;28/7/2025
O1847;9;P042;28/7/2025
O1848;20;P015;28/7/2025
O1849;1;P106;28/7/2025
O1850;19;P050;28/7/2025
O1851;9;P114;28/7/2025
O1852;4;P041;28/7/2025
O1853;15;P097;28/7/2025
O1854;4;P128;28/7/2025
O1855;19;P081;28/7/2025
O1856;7;P021;28/7/2025
O1857;10;P017;28/7/2025
O1858;14;P124;28/7/2025
O1859;14;P055;28/7/2025
O1860;12;P036;28/7/2025
O1861;19;P067;28/7/2025
O1862;12;P046;28/7/2025
O1863;9;P102;28/7/2025
O1864;2;P040;29/7/2025
O1865;13;P028;29/7/2025
O1866;11;P096;29/7/2025
O1867;11;P120;29/7/2025
O1868;17;P049;29/7/2025
O1869;8;P116;29/7/2025
O1870;18;P103;29/7/2025
O1871;4;P003;29/7/2025
O1872;9;P080;29/7/2025
O1873;9;P116;29/7/2025
O1874;19;P139;29/7/2025
O1875;15;P023;29/7/2025
O1876;18;P070;29/7/2025
O1877;5;P129;29/7/2025
O1878;1;P104;29/7/2025
O1879;11;P099;29/7/2025
O1880;2;P017;29/7/2025
O1881;11;P097;29/7/2025
O1882;5;P106;29/7/2025
O1883;19;P122;29/7/2025
O1884;13;P002;29/7/2025
O1885;11;P106;29/7/2025
O1886;10;P114;29/7/2025
O1887;17;P078;29/7/2025
O1888;8;P132;29/7/2025
O1889;5;P061;29/7/2025
O1890;6;P101;29/7/2025
O1891;4;P117;29/7/2025
O1892;12;P103;29/7/2025
O1893;19;P091;29/7/2025
O1894;17;P128;29/7/2025
O1895;20;P067;29/7/2025
O1896;18;P053;29/7/2025
O1897;20;P021;29/7/2025
O1898;10;P113;29/7/2025
O1899;13;P086;29/7/2025
O1900;9;P073;29/7/2025
O1901;16;P034;29/7/2025
O1902;12;P147;29/7/2025
O1903;7;P038;29/7/2025
O1904;13;P025;29/7/2025
O1905;5;P054;29/7/2025
O1906;11;P090;29/7/2025
O1907;8;P105;29/7/2025
O1908;12;P067;29/7/2025
O1909;14;P091;29/7/2025
O1910;9;P054;29/7/2025
O1911;13;P011;29/7/2025
O1912;16;P146;29/7/2025
O1913;7;P147;29/7/2025
O1914;2;P028;29/7/2025
O1915;20;P003;29/7/2025
O1916;20;P058;29/7/2025
O1917;13;P091;29/7/2025
O1918;11;P134;29/7/2025
O1919;13;P071;29/7/2025
O1920;5;P136;29/7/2025
O1921;6;P051;29/7/2025
O1922;3;P027;29/7/2025
O1923;2;P055;29/7/2025
O1924;5;P063;29/7/2025
O1925;10;P079;29/7/2025
O1926;20;P052;29/7/2025
O1927;8;P148;29/7/2025
O1928;6;P003;29/7/2025
O1929;2;P007;29/7/2025
O1930;11;P101;29/7/2025
O1931;3;P054;29/7/2025
O1932;2;P103;29/7/2025
O1933;10;P132;30/7/2025
O1934;5;P097;30/7/2025
O1935;6;P112;30/7/2025
O1936;8;P057;30/7/2025
O1937;14;P078;30/7/2025
O1938;17;P103;30/7/2025
O1939;19;P059;30/7/2025
O1940;8;P138;30/7/2025
O1941;5;P135;30/7/2025
O1942;14;P021;30/7/2025
O1943;8;P115;30/7/2025
O1944;14;P028;30/7/2025
O1945;12;P096;30/7/2025
O1946;5;P145;30/7/2025
O1947;4;P101;30/7/2025
O1948;4;P056;30/7/2025
O1949;20;P065;30/7/2025
O1950;14;P080;30/7/2025
O1951;2;P095;30/7/2025
O1952;18;P086;30/7/2025
O1953;11;P128;30/7/2025
O1954;15;P096;30/7/2025
O1955;10;P049;30/7/2025
O1956;14;P109;30/7/2025
O1957;6;P138;30/7/2025
O1958;3;P070;30/7/2025
O1959;14;P070;30/7/2025
O1960;5;P008;30/7/2025
O1961;9;P130;30/7/2025
O1962;3;P054;30/7/2025
O1963;13;P052;30/7/2025
O1964;14;P009;30/7/2025
O1965;10;P027;30/7/2025
O1966;1;P081;30/7/2025
O1967;8;P117;30/7/2025
O1968;18;P138;30/7/2025
O1969;2;P128;30/7/2025
O1970;15;P021;30/7/2025
O1971;1;P010;30/7/2025
O1972;10;P116;30/7/2025
O1973;16;P073;30/7/2025
O1974;5;P129;30/7/2025
O1975;19;P035;30/7/2025
O1976;14;P123;30/7/2025
O1977;14;P083;30/7/2025
O1978;4;P072;30/7/2025
O1979;14;P103;30/7/2025
O1980;7;P026;30/7/2025
O1981;17;P022;30/7/2025
O1982;9;P127;30/7/2025
O1983;1;P020;30/7/2025
O1984;2;P116;30/7/2025
O1985;10;P081;30/7/2025
O1986;7;P134;30/7/2025
O1987;15;P054;30/7/2025
O1988;7;P038;30/7/2025
O1989;17;P063;30/7/2025
O1990;18;P084;30/7/2025
O1991;13;P141;30/7/2025
O1992;11;P051;30/7/2025
O1993;16;P020;30/7/2025
O1994;11;P113;30/7/2025
O1995;2;P018;30/7/2025
O1996;11;P035;30/7/2025
O1997;4;P099;30/7/2025
O1998;4;P021;30/7/2025
O1999;20;P047;30/7/2025
O2000;10;P020;30/7/2025
